{
  "project_info": {
    "project_number": "705380506430",
    "firebase_url": "https://chatapp-2e183.firebaseio.com",
    "project_id": "chatapp-2e183",
    "storage_bucket": "chatapp-2e183.appspot.com"
  },
  "client": [
    {
      "client_info": {
        "mobilesdk_app_id": "1:705380506430:android:7e5c4b568673a868b66a6f",
        "android_client_info": {
          "package_name": "com.example.chatapp"
        }
      },
      "oauth_client": [
        {
          "client_id": "705380506430-huustvvct43gd7aaje17k23vdfkj1qka.apps.googleusercontent.com",
          "client_type": 3
        }
      ],
      "api_key": [
        {
          "current_key": "AIzaSyDmDV_YHUQd21AHgifwrB7cJaXFmCoVSZM"
        }
      ],
      "services": {
        "appinvite_service": {
          "other_platform_oauth_client": [
            {
              "client_id": "705380506430-huustvvct43gd7aaje17k23vdfkj1qka.apps.googleusercontent.com",
              "client_type": 3
            }
          ]
        }
      }
    }
  ],
  "configuration_version": "1"
}